city,state,businesses,share
Philadelphia,PA,14568,0.09689649209157543
Tucson,AZ,9251,0.061531400901919574
Tampa,FL,9049,0.06018783339762947
Indianapolis,IN,7543,0.050170939033961665
Nashville,TN,6971,0.04636638154656592
New Orleans,LA,6208,0.04129142112194538
Reno,NV,5934,0.03946895826959147
Edmonton,AB,5054,0.03361579290436726
Saint Louis,MO,4828,0.032112593617389225
Santa Barbara,CA,3834,0.025501177284397325
Boise,ID,2938,0.019541590730714486
Clearwater,FL,2221,0.014772591222912482
Saint Petersburg,FL,1663,0.011061152275418035
Metairie,LA,1644,0.010934777114123422
Sparks,NV,1624,0.010801750628550145
Wilmington,DE,1447,0.009624466231226637
Franklin,TN,1411,0.009385018557194737
St. Louis,MO,1254,0.008340760645444508
St. Petersburg,FL,1185,0.0078818192702167
Meridian,ID,1043,0.006937331222646429
Brandon,FL,1033,0.00687081797985979
Largo,FL,1002,0.006664626927221209
Carmel,IN,967,0.006431830577467974
Cherry Hill,NJ,959,0.006378619983238663
West Chester,PA,838,0.005573809745520333
Goleta,CA,798,0.005307756774373778
Palm Harbor,FL,665,0.004423130645311481
Greenwood,IN,649,0.0043167094568528595
Brentwood,TN,645,0.004290104159738204
New Port Richey,FL,604,0.0040173998643129845
Lutz,FL,591,0.003930932648690354
Riverview,FL,588,0.003910978675854363
Kenner,LA,584,0.003884373378739707
Fishers,IN,570,0.0037912548388384128
Wesley Chapel,FL,561,0.0037313929203304378
King of Prussia,PA,560,0.003724741596051774
Doylestown,PA,539,0.0035850637861998325
Pinellas Park,FL,512,0.0034054780306759075
Dunedin,FL,491,0.003265800220823966
Hendersonville,TN,484,0.003219240950873319
Bensalem,PA,454,0.0030197012225134023
Norristown,PA,448,0.0029797932768414193
Exton,PA,419,0.0027869048727601664
Marlton,NJ,415,0.002760299575645511
Spring Hill,FL,400,0.0026605297114655527
Tarpon Springs,FL,398,0.002647227062908225
St Petersburg,FL,387,0.0025740624958429225
Lansdale,PA,379,0.002520851901613611
Ardmore,PA,376,0.0025008979287776197
Wayne,PA,375,0.0024942466044989555
Media,PA,371,0.0024676413073843003
Smyrna,TN,365,0.002427733361712317
Phoenixville,PA,365,0.002427733361712317
Seminole,FL,359,0.002387825416040334
Newark,DE,359,0.002387825416040334
St Louis,MO,356,0.002367871443204342
Gretna,LA,352,0.0023412661460896866
Mount Laurel,NJ,343,0.0022814042275817116
Springfield,PA,330,0.002194937011959081
Langhorne,PA,327,0.0021749830391230894
Saint Charles,MO,326,0.0021683317148444253
Trenton,NJ,323,0.002148377742008434
Pottstown,PA,323,0.002148377742008434
Newtown,PA,322,0.00214172641772977
Avon,IN,313,0.002081864499221795
Florissant,MO,313,0.002081864499221795
Willow Grove,PA,311,0.0020685618506644673
Belleville,IL,303,0.0020153512564351564
Havertown,PA,302,0.0020086999321564923
Conshohocken,PA,301,0.0020020486078778286
Carpinteria,CA,299,0.0019887459593205007
Levittown,PA,298,0.001982094635041837
Sherwood Park,AB,297,0.001975443310763173
Malvern,PA,295,0.001962140662205845
Harvey,LA,289,0.0019222327165338618
Fenton,MO,288,0.001915581392255198
Eagle,ID,287,0.0019089300679765342
Oro Valley,AZ,286,0.0019022787436978703
Oldsmar,FL,286,0.0019022787436978703
Bryn Mawr,PA,286,0.0019022787436978703
Warminster,PA,285,0.0018956274194192064
Mount Juliet,TN,280,0.001862370798025887
Valrico,FL,276,0.0018357655009112314
Edwardsville,IL,274,0.0018224628523539036
Madison,TN,272,0.001809160203796576
Plainfield,IN,271,0.001802508879517912
Port Richey,FL,270,0.0017958575552392481
North Wales,PA,268,0.0017825549066819203
Hermitage,TN,267,0.0017759035824032564
Plant City,FL,257,0.0017093903396166177
Collegeville,PA,257,0.0017093903396166177
Ballwin,MO,254,0.001689436366780626
Downingtown,PA,248,0.0016495284211086427
New Hope,PA,246,0.001636225772551315
Fairview Heights,IL,241,0.0016029691511579955
Voorhees,NJ,241,0.0016029691511579955
Zionsville,IN,234,0.0015564098812073483
Antioch,TN,231,0.0015364559083713568
Hudson,FL,228,0.001516501935535365
Arnold,MO,227,0.0015098506112567012
Sewell,NJ,226,0.0015031992869780372
Jenkintown,PA,224,0.0014898966384207096
Upper Darby,PA,218,0.0014499886927487264
New Castle,DE,217,0.0014433373684700625
Creve Coeur,MO,214,0.0014233833956340707
Kirkwood,MO,212,0.0014100807470767429
Ambler,PA,211,0.0014034294227980792
Moorestown,NJ,210,0.0013967780985194153
Brownsburg,IN,208,0.0013834754499620875
Maryland Heights,MO,207,0.0013768241256834235
Glen Mills,PA,206,0.0013701728014047596
Warrington,PA,203,0.001350218828568768
Bala Cynwyd,PA,202,0.0013435675042901042
Goodlettsville,TN,201,0.0013369161800114403
Plymouth Meeting,PA,199,0.0013236135314541124
Medford,NJ,196,0.001303659558618121
Horsham,PA,193,0.0012837055857821292
Clayton,MO,193,0.0012837055857821292
Blue Bell,PA,190,0.0012637516129461377
Southampton,PA,187,0.001243797640110146
Glenside,PA,187,0.001243797640110146
Haddonfield,NJ,183,0.0012171923429954905
Burlington,NJ,177,0.001177284397323507
Huntingdon Valley,PA,177,0.001177284397323507
Newtown Square,PA,176,0.0011706330730448433
Hatboro,PA,176,0.0011706330730448433
Kennett Square,PA,175,0.0011639817487661794
Woodbury,NJ,171,0.0011373764516515237
Marrero,LA,170,0.0011307251273728598
Broomall,PA,170,0.0011307251273728598
Collingswood,NJ,169,0.0011240738030941961
Royersford,PA,169,0.0011240738030941961
Abington,PA,169,0.0011240738030941961
St. Pete Beach,FL,167,0.0011107711545368683
Bridgeton,MO,167,0.0011107711545368683
Madeira Beach,FL,165,0.0010974685059795405
Clearwater Beach,FL,163,0.0010841658574222127
Yardley,PA,161,0.001070863208864885
Sicklerville,NJ,160,0.0010642118845862211
Collinsville,IL,159,0.0010575605603075572
Pennsauken,NJ,158,0.0010509092360288933
Garden City,ID,158,0.0010509092360288933
Harahan,LA,157,0.0010442579117502294
Drexel Hill,PA,153,0.001017652614635574
Fairless Hills,PA,153,0.001017652614635574
O'Fallon,IL,153,0.001017652614635574
Paoli,PA,152,0.00101100129035691
Chesterfield,MO,151,0.0010043499660782461
Gallatin,TN,151,0.0010043499660782461
Alton,IL,150,0.0009976986417995822
Maple Shade,NJ,148,0.0009843959932422546
Des Peres,MO,147,0.0009777446689635907
Glassboro,NJ,143,0.0009511393718489351
Tampa Bay,FL,141,0.0009378367232916073
Blackwood,NJ,141,0.0009378367232916073
Ruskin,FL,140,0.0009311853990129435
Safety Harbor,FL,139,0.0009245340747342796
Zephyrhills,FL,139,0.0009245340747342796
Aston,PA,135,0.0008979287776196241
Maplewood,MO,134,0.0008912774533409601
King Of Prussia,PA,134,0.0008912774533409601
Odessa,FL,132,0.0008779748047836324
Bristol,PA,131,0.0008713234805049685
Turnersville,NJ,130,0.0008646721562263047
Temple Terrace,FL,129,0.0008580208319476408
Chalfont,PA,124,0.0008247642105543213
Holiday,FL,124,0.0008247642105543213
Lambertville,NJ,124,0.0008247642105543213
Brentwood,MO,123,0.0008181128862756575
Apollo Beach,FL,122,0.0008114615619969936
Chadds Ford,PA,121,0.0008048102377183297
Manchester,MO,121,0.0008048102377183297
Deptford,NJ,121,0.0008048102377183297
Cinnaminson,NJ,120,0.0007981589134396658
Ewing,NJ,119,0.000791507589161002
Morrisville,PA,118,0.0007848562648823381
Land O Lakes,FL,117,0.0007782049406036742
Bordentown,NJ,116,0.0007715536163250104
Gulfport,FL,115,0.0007649022920463464
Chalmette,LA,114,0.0007582509677676825
Narberth,PA,113,0.0007515996434890186
Mount Holly,NJ,113,0.0007515996434890186
Williamstown,NJ,112,0.0007449483192103548
Elkins Park,PA,111,0.0007382969949316909
Webster Groves,MO,111,0.0007382969949316909
Berwyn,PA,110,0.000731645670653027
Camden,NJ,108,0.0007183430220956993
Trinity,FL,108,0.0007183430220956993
Souderton,PA,108,0.0007183430220956993
St Charles,MO,107,0.0007116916978170354
Treasure Island,FL,106,0.0007050403735383714
Seffner,FL,105,0.0006983890492597076
Hazelwood,MO,104,0.0006917377249810437
St. Charles,MO,104,0.0006917377249810437
Marana,AZ,102,0.000678435076423716
Delran,NJ,101,0.0006717837521450521
Hatfield,PA,100,0.0006651324278663882
Clementon,NJ,100,0.0006651324278663882
Berlin,NJ,99,0.0006584811035877243
Feasterville Trevose,PA,99,0.0006584811035877243
University City,MO,98,0.0006518297793090605
Harleysville,PA,98,0.0006518297793090605
Land O' Lakes,FL,97,0.0006451784550303965
Montgomeryville,PA,96,0.0006385271307517326
Folsom,PA,95,0.0006318758064730688
Isla Vista,CA,94,0.0006252244821944049
St Albert,AB,93,0.000618573157915741
Montecito,CA,93,0.000618573157915741
East Norriton,PA,93,0.000618573157915741
Nolensville,TN,93,0.000618573157915741
Perkasie,PA,91,0.0006052705093584133
Richmond Heights,MO,91,0.0006052705093584133
La Vergne,TN,88,0.0005853165365224217
Swedesboro,NJ,87,0.0005786652122437577
Lansdowne,PA,86,0.0005720138879650938
Richboro,PA,86,0.0005720138879650938
Wynnewood,PA,86,0.0005720138879650938
O Fallon,IL,85,0.0005653625636864299
West Berlin,NJ,85,0.0005653625636864299
Hockessin,DE,85,0.0005653625636864299
Old Hickory,TN,84,0.0005587112394077661
Indian Rocks Beach,FL,84,0.0005587112394077661
Audubon,NJ,81,0.0005387572665717745
Valley Park,MO,80,0.0005321059422931106
Feasterville,PA,79,0.0005254546180144467
Mt. Juliet,TN,78,0.0005188032937357828
Mooresville,IN,78,0.0005188032937357828
Limerick,PA,78,0.0005188032937357828
Quakertown,PA,77,0.0005121519694571189
Clifton Heights,PA,76,0.000505500645178455
Feasterville-Trevose,PA,76,0.000505500645178455
Granite City,IL,75,0.0004988493208997911
White House,TN,74,0.0004921979966211273
St Pete Beach,FL,74,0.0004921979966211273
Glen Carbon,IL,73,0.0004855466723424634
Voorhees Township,NJ,73,0.0004855466723424634
Brookhaven,PA,72,0.0004788953480637995
Haddon Township,NJ,72,0.0004788953480637995
St. Albert,AB,70,0.00046559269950647176
Green Valley,AZ,69,0.00045894137522780785
Sahuarita,AZ,69,0.00045894137522780785
Chester Springs,PA,69,0.00045894137522780785
Jefferson,LA,68,0.000452290050949144
Mullica Hill,NJ,66,0.0004389874023918162
Flourtown,PA,66,0.0004389874023918162
Speedway,IN,66,0.0004389874023918162
Lithia,FL,66,0.0004389874023918162
Glenolden,PA,64,0.00042568475383448844
Runnemede,NJ,64,0.00042568475383448844
Willingboro,NJ,63,0.0004190334295558246
Fort Washington,PA,62,0.00041238210527716067
Lumberton,NJ,62,0.00041238210527716067
Pitman,NJ,61,0.0004057307809984968
Wyncote,PA,60,0.0003990794567198329
Skippack,PA,59,0.00039242813244116904
Saint Ann,MO,59,0.00039242813244116904
Hamilton,NJ,58,0.0003857768081625052
Swansea,IL,58,0.0003857768081625052
Claymont,DE,58,0.0003857768081625052
Terrytown,LA,58,0.0003857768081625052
Lafayette Hill,PA,58,0.0003857768081625052
Saint Pete Beach,FL,57,0.00037912548388384127
Westwego,LA,56,0.0003724741596051774
Ewing Township,NJ,56,0.0003724741596051774
Bellmawr,NJ,54,0.00035917151104784964
Haddon Heights,NJ,54,0.00035917151104784964
Columbia,IL,54,0.00035917151104784964
South Pasadena,FL,54,0.00035917151104784964
Haverford,PA,53,0.0003525201867691857
Belle Chasse,LA,53,0.0003525201867691857
Somerdale,NJ,53,0.0003525201867691857
Springfield,TN,53,0.0003525201867691857
Gilbertsville,PA,53,0.0003525201867691857
Prospect Park,PA,52,0.00034586886249052186
Hainesport,NJ,52,0.00034586886249052186
Gibsonton,FL,52,0.00034586886249052186
Devon,PA,52,0.00034586886249052186
Vail,AZ,51,0.000339217538211858
Belleair Bluffs,FL,51,0.000339217538211858
Troy,IL,50,0.0003325662139331941
Ridley Park,PA,50,0.0003325662139331941
Lahaska,PA,50,0.0003325662139331941
Audubon,PA,50,0.0003325662139331941
Chester,PA,49,0.00032591488965453023
Spring City,PA,49,0.00032591488965453023
Schwenksville,PA,49,0.00032591488965453023
Dresher,PA,49,0.00032591488965453023
Bridgeport,PA,48,0.0003192635653758663
Sun City Center,FL,48,0.0003192635653758663
Shiloh,IL,48,0.0003192635653758663
Lindenwold,NJ,48,0.0003192635653758663
Overland,MO,47,0.00031261224109720246
Swarthmore,PA,47,0.00031261224109720246
Thorndale,PA,46,0.00030596091681853855
Boothwyn,PA,46,0.00030596091681853855
Waterloo,IL,46,0.00030596091681853855
Frazer,PA,46,0.00030596091681853855
Holmes,PA,46,0.00030596091681853855
Trevose,PA,46,0.00030596091681853855
Stratford,NJ,46,0.00030596091681853855
High Ridge,MO,45,0.0002993095925398747
Evesham Township,NJ,45,0.0002993095925398747
Whitestown,IN,45,0.0002993095925398747
Colmar,PA,45,0.0002993095925398747
Merchantville,NJ,45,0.0002993095925398747
West Deptford,NJ,45,0.0002993095925398747
Pleasant View,TN,44,0.00029265826826121083
Oaks,PA,43,0.0002860069439825469
Imperial,MO,43,0.0002860069439825469
Pennsville,NJ,42,0.00027935561970388306
Oaklyn,NJ,42,0.00027935561970388306
Wood River,IL,42,0.00027935561970388306
Beech Grove,IN,42,0.00027935561970388306
Ashland City,TN,41,0.00027270429542521914
Summerland,CA,41,0.00027270429542521914
Morton,PA,40,0.0002660529711465553
Essington,PA,40,0.0002660529711465553
Maryville,IL,40,0.0002660529711465553
Croydon,PA,40,0.0002660529711465553
Kenneth City,FL,40,0.0002660529711465553
Villanova,PA,39,0.0002594016468678914
Camby,IN,39,0.0002594016468678914
Telford,PA,39,0.0002594016468678914
Boyertown,PA,39,0.0002594016468678914
Palmyra,NJ,38,0.0002527503225892275
Jamison,PA,38,0.0002527503225892275
Sun Valley,NV,38,0.0002527503225892275
Cheltenham,PA,37,0.00024609899831056365
Sellersville,PA,37,0.00024609899831056365
River Ridge,LA,37,0.00024609899831056365
Affton,MO,36,0.00023944767403189974
Town and Country,MO,36,0.00023944767403189974
Westampton,NJ,36,0.00023944767403189974
Ferguson,MO,35,0.00023279634975323588
Deptford Township,NJ,35,0.00023279634975323588
Eagleville,PA,35,0.00023279634975323588
Olivette,MO,35,0.00023279634975323588
Gloucester City,NJ,35,0.00023279634975323588
Oreland,PA,34,0.000226145025474572
Barrington,NJ,33,0.0002194937011959081
Mt Juliet,TN,33,0.0002194937011959081
Folcroft,PA,33,0.0002194937011959081
Sunset Hills,MO,33,0.0002194937011959081
Pennsauken Township,NJ,33,0.0002194937011959081
Mantua,NJ,33,0.0002194937011959081
Virginia City,NV,32,0.00021284237691724422
Noblesville,IN,32,0.00021284237691724422
Collingdale,PA,32,0.00021284237691724422
Columbus,NJ,32,0.00021284237691724422
Spring House,PA,32,0.00021284237691724422
Mt. Laurel,NJ,32,0.00021284237691724422
Magnolia,NJ,32,0.00021284237691724422
Woodlyn,PA,31,0.00020619105263858033
Westville,NJ,31,0.00020619105263858033
Westmont,NJ,31,0.00020619105263858033
Dover,FL,31,0.00020619105263858033
Crestwood,MO,31,0.00020619105263858033
Avondale,PA,30,0.00019953972835991645
Thonotosassa,FL,30,0.00019953972835991645
Marcus Hook,PA,30,0.00019953972835991645
Verdi,NV,29,0.0001928884040812526
Buckingham,PA,28,0.0001862370798025887
North Redington Beach,FL,28,0.0001862370798025887
Hamilton Township,NJ,28,0.0001862370798025887
Trappe,PA,28,0.0001862370798025887
Indian Shores,FL,28,0.0001862370798025887
Coatesville,PA,28,0.0001862370798025887
Joelton,TN,28,0.0001862370798025887
Godfrey,IL,27,0.00017958575552392482
Wyndmoor,PA,27,0.00017958575552392482
Penndel,PA,27,0.00017958575552392482
Redington Shores,FL,27,0.00017958575552392482
Maple Glen,PA,27,0.00017958575552392482
Pipersville,PA,27,0.00017958575552392482
Tierra Verde,FL,27,0.00017958575552392482
Dublin,PA,26,0.00017293443124526093
Woodbury Heights,NJ,26,0.00017293443124526093
Arabi,LA,26,0.00017293443124526093
McCordsville,IN,26,0.00017293443124526093
Caseyville,IL,26,0.00017293443124526093
Lebanon,IL,25,0.00016628310696659705
Darby,PA,25,0.00016628310696659705
Spanish Springs,NV,25,0.00016628310696659705
Holland,PA,25,0.00016628310696659705
Ladue,MO,25,0.00016628310696659705
Radnor,PA,25,0.00016628310696659705
Brooklawn,NJ,24,0.00015963178268793316
Mount Ephraim,NJ,24,0.00015963178268793316
Woodstown,NJ,23,0.00015298045840926927
Atco,NJ,23,0.00015298045840926927
Lawrence,IN,23,0.00015298045840926927
Wimauma,FL,23,0.00015298045840926927
Millstadt,IL,23,0.00015298045840926927
Southampton,NJ,23,0.00015298045840926927
Garnet Valley,PA,23,0.00015298045840926927
Hammonton,NJ,23,0.00015298045840926927
Rock Hill,MO,23,0.00015298045840926927
Riverside,NJ,22,0.00014632913413060541
Washington Crossing,PA,22,0.00014632913413060541
Franklinville,NJ,22,0.00014632913413060541
Earth City,MO,22,0.00014632913413060541
Bellevue,TN,22,0.00014632913413060541
Glendora,NJ,22,0.00014632913413060541
Laurel Springs,NJ,22,0.00014632913413060541
Saint Albert,AB,22,0.00014632913413060541
Pennsburg,PA,22,0.00014632913413060541
Gloucester Township,NJ,21,0.00013967780985194153
Sharon Hill,PA,21,0.00013967780985194153
Elmer,NJ,21,0.00013967780985194153
Maple Shade Township,NJ,21,0.00013967780985194153
Kingston Springs,TN,20,0.00013302648557327764
Paulsboro,NJ,20,0.00013302648557327764
Palmetto,FL,20,0.00013302648557327764
Lebanon,TN,20,0.00013302648557327764
Greenbrier,TN,19,0.00012637516129461376
Frontenac,MO,19,0.00012637516129461376
Merion Station,PA,19,0.00012637516129461376
Tuscon,AZ,18,0.00011972383701594987
Lawnside,NJ,18,0.00011972383701594987
Washington Township,NJ,18,0.00011972383701594987
Whiteland,IN,18,0.00011972383701594987
Gibbsboro,NJ,18,0.00011972383701594987
Clayton,NJ,18,0.00011972383701594987
Elmwood,LA,18,0.00011972383701594987
Norwood,PA,18,0.00011972383701594987
Christiana,DE,18,0.00011972383701594987
Cahokia,IL,17,0.000113072512737286
Erdenheim,PA,17,0.000113072512737286
Shrewsbury,MO,17,0.000113072512737286
Wenonah,NJ,17,0.000113072512737286
Penns Grove,NJ,17,0.000113072512737286
Secane,PA,17,0.000113072512737286
Greenville,DE,17,0.000113072512737286
Furlong,PA,17,0.000113072512737286
Evesham,NJ,17,0.000113072512737286
New Britain,PA,17,0.000113072512737286
Westchase,FL,17,0.000113072512737286
Pine Hill,NJ,17,0.000113072512737286
Ivyland,PA,17,0.000113072512737286
TAMPA,FL,16,0.00010642118845862211
Mascoutah,IL,16,0.00010642118845862211
Roslyn,PA,16,0.00010642118845862211
Riverton,NJ,16,0.00010642118845862211
Rockledge,PA,16,0.00010642118845862211
East Saint Louis,IL,16,0.00010642118845862211
Salem,NJ,16,0.00010642118845862211
East Alton,IL,16,0.00010642118845862211
Rosemont,PA,15,9.976986417995822e-05
Mt Laurel,NJ,15,9.976986417995822e-05
Tabernacle,NJ,15,9.976986417995822e-05
Hernando Beach,FL,14,9.311853990129435e-05
Newport,DE,14,9.311853990129435e-05
Pontoon Beach,IL,14,9.311853990129435e-05
Plumsteadville,PA,14,9.311853990129435e-05
Dade City,FL,14,9.311853990129435e-05
Thorofare,NJ,14,9.311853990129435e-05
Pilesgrove,NJ,14,9.311853990129435e-05
Castleton,IN,14,9.311853990129435e-05
Beverly,NJ,14,9.311853990129435e-05
San Antonio,FL,14,9.311853990129435e-05
Perkiomenville,PA,13,8.646721562263047e-05
Primos,PA,13,8.646721562263047e-05
Trooper,PA,13,8.646721562263047e-05
Eddystone,PA,13,8.646721562263047e-05
Glenmoore,PA,13,8.646721562263047e-05
Shamong,NJ,13,8.646721562263047e-05
Treasure Is,FL,13,8.646721562263047e-05
New Palestine,IN,13,8.646721562263047e-05
Yeadon,PA,13,8.646721562263047e-05
Wallingford,PA,13,8.646721562263047e-05
Catalina,AZ,13,8.646721562263047e-05
Malaga,NJ,13,8.646721562263047e-05
Kulpsville,PA,12,7.981589134396658e-05
Stowe,PA,12,7.981589134396658e-05
Danville,IN,12,7.981589134396658e-05
O'fallon,IL,12,7.981589134396658e-05
Greenfield,IN,12,7.981589134396658e-05
Upper Chichester,PA,12,7.981589134396658e-05
Gibbstown,NJ,12,7.981589134396658e-05
Saint Rose,LA,12,7.981589134396658e-05
Truckee,CA,11,7.316456706530271e-05
Lawrenceville,NJ,11,7.316456706530271e-05
Oakville,MO,11,7.316456706530271e-05
Edgewater Park,NJ,11,7.316456706530271e-05
Carneys Point,NJ,11,7.316456706530271e-05
Clarksboro,NJ,11,7.316456706530271e-05
Aldan,PA,11,7.316456706530271e-05
Boise City,ID,11,7.316456706530271e-05
Sappington,MO,11,7.316456706530271e-05
Manayunk,PA,11,7.316456706530271e-05
Green Lane,PA,10,6.651324278663882e-05
Mount Laurel Township,NJ,10,6.651324278663882e-05
Berkeley,MO,10,6.651324278663882e-05
Beaumont,AB,10,6.651324278663882e-05
Monroe Township,NJ,10,6.651324278663882e-05
Logan Township,NJ,10,6.651324278663882e-05
Gladwyne,PA,10,6.651324278663882e-05
Sauget,IL,9,5.9861918507974935e-05
Woolwich Township,NJ,9,5.9861918507974935e-05
Chesterbrook,PA,9,5.9861918507974935e-05
St.Louis,MO,9,5.9861918507974935e-05
Pennington,NJ,9,5.9861918507974935e-05
Eastampton,NJ,9,5.9861918507974935e-05
Scott Air Force Base,IL,9,5.9861918507974935e-05
Toughkenamon,PA,9,5.9861918507974935e-05
Pemberton,NJ,9,5.9861918507974935e-05
St. Ann,MO,9,5.9861918507974935e-05
Bethalto,IL,9,5.9861918507974935e-05
St.Petersburg,FL,9,5.9861918507974935e-05
Belleair,FL,8,5.3210594229311055e-05
Town & Country,MO,8,5.3210594229311055e-05
Avondale,LA,8,5.3210594229311055e-05
Florence,NJ,8,5.3210594229311055e-05
Waterford Works,NJ,8,5.3210594229311055e-05
Southport,IN,8,5.3210594229311055e-05
West Conshohocken,PA,8,5.3210594229311055e-05
Talleyville,DE,8,5.3210594229311055e-05
Jeffersonville,PA,8,5.3210594229311055e-05
Kuna,ID,8,5.3210594229311055e-05
Bucks,PA,8,5.3210594229311055e-05
Mantua Township,NJ,8,5.3210594229311055e-05
Burlington Township,NJ,8,5.3210594229311055e-05
Harrison Township,NJ,8,5.3210594229311055e-05
Lawrence Township,NJ,8,5.3210594229311055e-05
Worcester,PA,8,5.3210594229311055e-05
Luling,LA,8,5.3210594229311055e-05
Vincentown,NJ,8,5.3210594229311055e-05
Monroeville,NJ,8,5.3210594229311055e-05
Smithton,IL,7,4.6559269950647176e-05
Jennings,MO,7,4.6559269950647176e-05
Silverdale,PA,7,4.6559269950647176e-05
Town 'n' Country,FL,7,4.6559269950647176e-05
Crum Lynne,PA,7,4.6559269950647176e-05
Philadephia,PA,7,4.6559269950647176e-05
Titusville,NJ,7,4.6559269950647176e-05
St Louis Downtown,MO,7,4.6559269950647176e-05
Breckenridge Hills,MO,7,4.6559269950647176e-05
Bryn Athyn,PA,7,4.6559269950647176e-05
Mount Lemmon,AZ,7,4.6559269950647176e-05
Meraux,LA,7,4.6559269950647176e-05
Whites Creek,TN,7,4.6559269950647176e-05
Kimmswick,MO,7,4.6559269950647176e-05
Cedars,PA,7,4.6559269950647176e-05
St. Davids,PA,6,3.990794567198329e-05
Fountainville,PA,6,3.990794567198329e-05
Kimberton,PA,6,3.990794567198329e-05
NASHVILLE,TN,6,3.990794567198329e-05
Line Lexington,PA,6,3.990794567198329e-05
Freeburg,IL,6,3.990794567198329e-05
Lester,PA,6,3.990794567198329e-05
Newfield,NJ,6,3.990794567198329e-05
Churchville,PA,6,3.990794567198329e-05
Linwood,PA,6,3.990794567198329e-05
Roebling,NJ,6,3.990794567198329e-05
Milmont Park,PA,6,3.990794567198329e-05
East Lansdowne,PA,6,3.990794567198329e-05
Carrollwood,FL,6,3.990794567198329e-05
Town And Country,MO,6,3.990794567198329e-05
Red Hill,PA,6,3.990794567198329e-05
National Park,NJ,6,3.990794567198329e-05
TUCSON,AZ,6,3.990794567198329e-05
Holicong,PA,6,3.990794567198329e-05
Phila,PA,6,3.990794567198329e-05
Medford Lakes,NJ,6,3.990794567198329e-05
Pennsville Township,NJ,6,3.990794567198329e-05
Zieglerville,PA,6,3.990794567198329e-05
Winslow Township,NJ,6,3.990794567198329e-05
Bayonet Point,FL,6,3.990794567198329e-05
New Whiteland,IN,6,3.990794567198329e-05
Lionville,PA,5,3.325662139331941e-05
Warson Woods,MO,5,3.325662139331941e-05
Land O'Lakes,FL,5,3.325662139331941e-05
Erial,NJ,5,3.325662139331941e-05
Scott AFB,IL,5,3.325662139331941e-05
Mansfield,NJ,5,3.325662139331941e-05
Masaryktown,FL,5,3.325662139331941e-05
Saint Davids,PA,5,3.325662139331941e-05
Penn Valley,PA,5,3.325662139331941e-05
Bear,DE,5,3.325662139331941e-05
Berlin Township,NJ,5,3.325662139331941e-05
Redingtn Shor,FL,5,3.325662139331941e-05
Elsmere,DE,5,3.325662139331941e-05
Delanco,NJ,5,3.325662139331941e-05
Concordville,PA,5,3.325662139331941e-05
St Ann,MO,5,3.325662139331941e-05
Clermont,IN,5,3.325662139331941e-05
Berry Hill,TN,5,3.325662139331941e-05
Violet,LA,5,3.325662139331941e-05
Hulmeville,PA,5,3.325662139331941e-05
Mccordsville,IN,5,3.325662139331941e-05
Bensalem Township,PA,5,3.325662139331941e-05
Donelson,TN,5,3.325662139331941e-05
Citrus Park,FL,5,3.325662139331941e-05
West Trenton,NJ,5,3.325662139331941e-05
Mt Holly,NJ,5,3.325662139331941e-05
St. Rose,LA,5,3.325662139331941e-05
Belle Meade,TN,5,3.325662139331941e-05
Fairview,TN,5,3.325662139331941e-05
Normandy,MO,4,2.6605297114655528e-05
Valley Forge,PA,4,2.6605297114655528e-05
Florence Township,NJ,4,2.6605297114655528e-05
Mendenhall,PA,4,2.6605297114655528e-05
Elverson,PA,4,2.6605297114655528e-05
Mickleton,NJ,4,2.6605297114655528e-05
Hilltown,PA,4,2.6605297114655528e-05
Petersburg,FL,4,2.6605297114655528e-05
Dupo,IL,4,2.6605297114655528e-05
Twin Oaks,MO,4,2.6605297114655528e-05
Bridge City,LA,4,2.6605297114655528e-05
Indianpolis,IN,4,2.6605297114655528e-05
West Norriton,PA,4,2.6605297114655528e-05
Meadowbrook,PA,4,2.6605297114655528e-05
Lederach,PA,4,2.6605297114655528e-05
Unionville,PA,4,2.6605297114655528e-05
Southeast Edmonton,AB,4,2.6605297114655528e-05
East St Louis,IL,4,2.6605297114655528e-05
Southwest Philadelphia,PA,4,2.6605297114655528e-05
Washoe Valley,NV,4,2.6605297114655528e-05
Pegram,TN,4,2.6605297114655528e-05
Ozona,FL,4,2.6605297114655528e-05
Pittsgrove,NJ,4,2.6605297114655528e-05
Marlborough,MO,4,2.6605297114655528e-05
East St. Louis,IL,4,2.6605297114655528e-05
Saint John,MO,4,2.6605297114655528e-05
Cedar Brook,NJ,4,2.6605297114655528e-05
Mt. Ephraim,NJ,4,2.6605297114655528e-05
Southampton Township,NJ,4,2.6605297114655528e-05
Washington Park,IL,4,2.6605297114655528e-05
Bargersville,IN,4,2.6605297114655528e-05
Skippack Village,PA,4,2.6605297114655528e-05
OFallon,IL,4,2.6605297114655528e-05
PHILADELPHIA,PA,4,2.6605297114655528e-05
tucson,AZ,4,2.6605297114655528e-05
North Redington Bch,FL,4,2.6605297114655528e-05
Madison,IL,4,2.6605297114655528e-05
Wrightstown,PA,4,2.6605297114655528e-05
Green Park,MO,4,2.6605297114655528e-05
Belleair Blf,FL,4,2.6605297114655528e-05
Mehlville,MO,4,2.6605297114655528e-05
Mt Laurel Township,NJ,4,2.6605297114655528e-05
West Point,PA,4,2.6605297114655528e-05
Chesilhurst,NJ,4,2.6605297114655528e-05
Strafford,PA,4,2.6605297114655528e-05
Eastampton Township,NJ,4,2.6605297114655528e-05
Thornton,PA,4,2.6605297114655528e-05
Casas Adobes,AZ,4,2.6605297114655528e-05
Linfield,PA,4,2.6605297114655528e-05
Nampa,ID,4,2.6605297114655528e-05
Fairmont City,IL,4,2.6605297114655528e-05
Brooklyn,IL,4,2.6605297114655528e-05
Lima,PA,4,2.6605297114655528e-05
N Redngtn Bch,FL,4,2.6605297114655528e-05
Enoch,AB,4,2.6605297114655528e-05
New Washoe City,NV,4,2.6605297114655528e-05
Willingboro Township,NJ,3,1.9953972835991645e-05
Mont Clare,PA,3,1.9953972835991645e-05
Jobstown,NJ,3,1.9953972835991645e-05
Hillsborough County,FL,3,1.9953972835991645e-05
Ybor City,FL,3,1.9953972835991645e-05
Abington Township,PA,3,1.9953972835991645e-05
lutz,FL,3,1.9953972835991645e-05
Sun City,FL,3,1.9953972835991645e-05
Sanatoga,PA,3,1.9953972835991645e-05
PHILA,PA,3,1.9953972835991645e-05
Trainer,PA,3,1.9953972835991645e-05
NEW ORLEANS,LA,3,1.9953972835991645e-05
West Edmonton,AB,3,1.9953972835991645e-05
Chesterfield,NJ,3,1.9953972835991645e-05
East Nashville,TN,3,1.9953972835991645e-05
Cortaro,AZ,3,1.9953972835991645e-05
Tullytown,PA,3,1.9953972835991645e-05
Winslow,NJ,3,1.9953972835991645e-05
SAINT LOUIS,MO,3,1.9953972835991645e-05
Chestnut Hill,PA,3,1.9953972835991645e-05
Marshallton,DE,3,1.9953972835991645e-05
Melrose Park,PA,3,1.9953972835991645e-05
Oaklandon,IN,3,1.9953972835991645e-05
Corona de Tucson,AZ,3,1.9953972835991645e-05
Palm harbor,FL,3,1.9953972835991645e-05
Lower Gwynedd Township,PA,3,1.9953972835991645e-05
Upland,PA,3,1.9953972835991645e-05
St  Louis,MO,3,1.9953972835991645e-05
Parker Ford,PA,3,1.9953972835991645e-05
Wilmington Manor,DE,3,1.9953972835991645e-05
Saint Bernard,LA,3,1.9953972835991645e-05
St. Loius,MO,3,1.9953972835991645e-05
LARGO,FL,3,1.9953972835991645e-05
Cottage Hills,IL,3,1.9953972835991645e-05
Pineville,PA,3,1.9953972835991645e-05
Lebanon,IN,3,1.9953972835991645e-05
Andalusia,PA,3,1.9953972835991645e-05
Lower Gwynedd,PA,3,1.9953972835991645e-05
Earlington,PA,3,1.9953972835991645e-05
South Tucson,AZ,3,1.9953972835991645e-05
Saint Petersburg Beach,FL,3,1.9953972835991645e-05
St. Peters,MO,3,1.9953972835991645e-05
Pinellas park,FL,3,1.9953972835991645e-05
Saint Peters,PA,3,1.9953972835991645e-05
Reno,CA,3,1.9953972835991645e-05
Belleair Beach,FL,3,1.9953972835991645e-05
Pinellas,FL,3,1.9953972835991645e-05
Mt.Laurel,NJ,3,1.9953972835991645e-05
Cumberland,IN,3,1.9953972835991645e-05
Fairview Village,PA,3,1.9953972835991645e-05
Warrington Township,PA,3,1.9953972835991645e-05
Montchanin,DE,3,1.9953972835991645e-05
Hi-Nella,NJ,3,1.9953972835991645e-05
Franklin,NJ,3,1.9953972835991645e-05
Sumneytown,PA,3,1.9953972835991645e-05
philadelphia,PA,3,1.9953972835991645e-05
Metarie,LA,3,1.9953972835991645e-05
Tinicum Township,PA,3,1.9953972835991645e-05
Terra Ceia,FL,2,1.3302648557327764e-05
Catalina Foothills,AZ,2,1.3302648557327764e-05
Greater Northdale,FL,2,1.3302648557327764e-05
Land o lakes,FL,2,1.3302648557327764e-05
Bosie,ID,2,1.3302648557327764e-05
Oracle,AZ,2,1.3302648557327764e-05
Mount Royal,NJ,2,1.3302648557327764e-05
Nashville-Davidson metropolitan government (balance),TN,2,1.3302648557327764e-05
Belmont Hills,PA,2,1.3302648557327764e-05
Mercerville,NJ,2,1.3302648557327764e-05
Belle Chase,LA,2,1.3302648557327764e-05
Murfreesboro,TN,2,1.3302648557327764e-05
Lavergne,TN,2,1.3302648557327764e-05
Brooksville,FL,2,1.3302648557327764e-05
Westtown,PA,2,1.3302648557327764e-05
Lemay,MO,2,1.3302648557327764e-05
Pike Creek,DE,2,1.3302648557327764e-05
Balm,FL,2,1.3302648557327764e-05
clearwater,FL,2,1.3302648557327764e-05
Southeastern,PA,2,1.3302648557327764e-05
Montgomery,PA,2,1.3302648557327764e-05
Upper Pittsgrove,NJ,2,1.3302648557327764e-05
Pass-a-Grille Beach,FL,2,1.3302648557327764e-05
Birchrunville,PA,2,1.3302648557327764e-05
VALRICO,FL,2,1.3302648557327764e-05
Haddon Twp,NJ,2,1.3302648557327764e-05
South County,MO,2,1.3302648557327764e-05
Rillito,AZ,2,1.3302648557327764e-05
Fairview Hts.,IL,2,1.3302648557327764e-05
Philadelphia PA,PA,2,1.3302648557327764e-05
EdMonton,AB,2,1.3302648557327764e-05
Meridan,ID,2,1.3302648557327764e-05
Ridley,PA,2,1.3302648557327764e-05
Feasterville-trevose,PA,2,1.3302648557327764e-05
Haddon,NJ,2,1.3302648557327764e-05
Parkside,PA,2,1.3302648557327764e-05
Lawrence,NJ,2,1.3302648557327764e-05
Oldmans,NJ,2,1.3302648557327764e-05
Bridgeport,NJ,2,1.3302648557327764e-05
boise,ID,2,1.3302648557327764e-05
Mc Cordsville,IN,2,1.3302648557327764e-05
Creve Couer,MO,2,1.3302648557327764e-05
Waggaman,LA,2,1.3302648557327764e-05
Rose Valley,PA,2,1.3302648557327764e-05
Bradenton,FL,2,1.3302648557327764e-05
St Pete,FL,2,1.3302648557327764e-05
Arrington,TN,2,1.3302648557327764e-05
Franconia,PA,2,1.3302648557327764e-05
New orleans,LA,2,1.3302648557327764e-05
INDIANAPOLIS,IN,2,1.3302648557327764e-05
Gradyville,PA,2,1.3302648557327764e-05
Wesley chapel,FL,2,1.3302648557327764e-05
"Tucson, Arizona",AZ,2,1.3302648557327764e-05
Edgmont,PA,2,1.3302648557327764e-05
reno,NV,2,1.3302648557327764e-05
Hartford,IL,2,1.3302648557327764e-05
St Rose,LA,2,1.3302648557327764e-05
Yorklyn,DE,2,1.3302648557327764e-05
Cheltenham Township,PA,2,1.3302648557327764e-05
Philadelphia,NJ,2,1.3302648557327764e-05
RIVERVIEW,FL,2,1.3302648557327764e-05
Carversville,PA,2,1.3302648557327764e-05
Cornwells Heights,PA,2,1.3302648557327764e-05
Tampa Florida,FL,2,1.3302648557327764e-05
Bristol Twp,PA,2,1.3302648557327764e-05
Kenneth,FL,2,1.3302648557327764e-05
LANSDALE,PA,2,1.3302648557327764e-05
Glendale,MO,2,1.3302648557327764e-05
Moorestown-Lenola,NJ,2,1.3302648557327764e-05
Shady Hills,FL,2,1.3302648557327764e-05
Ofallon,IL,2,1.3302648557327764e-05
Zieglersville,PA,2,1.3302648557327764e-05
Cold Springs,NV,2,1.3302648557327764e-05
Lower Merion,PA,2,1.3302648557327764e-05
Fairview Hts,IL,2,1.3302648557327764e-05
Centreville,IL,2,1.3302648557327764e-05
Radnor Township,PA,2,1.3302648557327764e-05
Mechanicsville,PA,2,1.3302648557327764e-05
Black Jack,MO,2,1.3302648557327764e-05
Nashville,IN,2,1.3302648557327764e-05
Oldmans Township,NJ,2,1.3302648557327764e-05
Redington Beach,FL,2,1.3302648557327764e-05
Gwynedd,PA,2,1.3302648557327764e-05
Montgomery Township,PA,2,1.3302648557327764e-05
Roxborough,PA,2,1.3302648557327764e-05
Bucks County,PA,2,1.3302648557327764e-05
Pasadena,FL,2,1.3302648557327764e-05
Eddington,PA,2,1.3302648557327764e-05
Sassamansville,PA,2,1.3302648557327764e-05
tampa,FL,2,1.3302648557327764e-05
Pottsgrove,PA,2,1.3302648557327764e-05
Richwood,NJ,2,1.3302648557327764e-05
Tampa Palms,FL,2,1.3302648557327764e-05
Grenloch,NJ,2,1.3302648557327764e-05
Carson City,NV,2,1.3302648557327764e-05
ST. PETERSBURG,FL,2,1.3302648557327764e-05
Lenni,PA,2,1.3302648557327764e-05
Martinsville,IN,2,1.3302648557327764e-05
Upper Southampton,PA,2,1.3302648557327764e-05
Pennsylvania,PA,2,1.3302648557327764e-05
new orleans,LA,2,1.3302648557327764e-05
Chester Heights,PA,2,1.3302648557327764e-05
Lakeland,FL,2,1.3302648557327764e-05
St Louis County,MO,2,1.3302648557327764e-05
Town N Country,FL,2,1.3302648557327764e-05
Stead,NV,2,1.3302648557327764e-05
South Tampa,FL,2,1.3302648557327764e-05
Cane Ridge,TN,2,1.3302648557327764e-05
Hopewell Township,NJ,2,1.3302648557327764e-05
Santa Barbra,CA,2,1.3302648557327764e-05
Corona De Tucson,AZ,2,1.3302648557327764e-05
Lower Southampton Township,PA,2,1.3302648557327764e-05
Chichester,PA,2,1.3302648557327764e-05
Winchester,MO,2,1.3302648557327764e-05
Blooming Glen,PA,2,1.3302648557327764e-05
"Saint Louis,",MO,2,1.3302648557327764e-05
Saint Leo,FL,2,1.3302648557327764e-05
Alloway,NJ,2,1.3302648557327764e-05
Pasco,FL,2,1.3302648557327764e-05
Bellefonte,DE,2,1.3302648557327764e-05
Fernley,NV,1,6.651324278663882e-06
Delaware County,PA,1,6.651324278663882e-06
Cedarbrook,NJ,1,6.651324278663882e-06
View,TN,1,6.651324278663882e-06
Spring HIll,FL,1,6.651324278663882e-06
Bellair,FL,1,6.651324278663882e-06
Huntingdon Valley PA,PA,1,6.651324278663882e-06
Temple Terr,FL,1,6.651324278663882e-06
Woolwich Twp,NJ,1,6.651324278663882e-06
East Greenville,PA,1,6.651324278663882e-06
Mulberry,FL,1,6.651324278663882e-06
ST. Louis,MO,1,6.651324278663882e-06
Douglassville,PA,1,6.651324278663882e-06
santa Barbara,CA,1,6.651324278663882e-06
Drexel,PA,1,6.651324278663882e-06
abington,PA,1,6.651324278663882e-06
St.Ann,MO,1,6.651324278663882e-06
Pass-a-Grille,FL,1,6.651324278663882e-06
Norriton,PA,1,6.651324278663882e-06
New castle,DE,1,6.651324278663882e-06
Primos-Secane,PA,1,6.651324278663882e-06
Flanders,NJ,1,6.651324278663882e-06
East Lake,FL,1,6.651324278663882e-06
NEW PORT RICHEY,FL,1,6.651324278663882e-06
Vineland,NJ,1,6.651324278663882e-06
South Cinnaminson,NJ,1,6.651324278663882e-06
Edmundson,MO,1,6.651324278663882e-06
Tuson,AZ,1,6.651324278663882e-06
St.Rose,LA,1,6.651324278663882e-06
Glenn Mills,PA,1,6.651324278663882e-06
Arizona,AZ,1,6.651324278663882e-06
Franklin,IN,1,6.651324278663882e-06
Webster Grvs,MO,1,6.651324278663882e-06
phoenixville,PA,1,6.651324278663882e-06
Meterie,LA,1,6.651324278663882e-06
SPARKS,NV,1,6.651324278663882e-06
New Prt Rchy,FL,1,6.651324278663882e-06
Boone,NC,1,6.651324278663882e-06
Vail,CO,1,6.651324278663882e-06
Merion Park,PA,1,6.651324278663882e-06
Fairmount Park,PA,1,6.651324278663882e-06
NW Edmonton,AB,1,6.651324278663882e-06
Star,ID,1,6.651324278663882e-06
Staint Albert,AB,1,6.651324278663882e-06
Ventura,CA,1,6.651324278663882e-06
Pittsgrove Township,NJ,1,6.651324278663882e-06
Spokane,WA,1,6.651324278663882e-06
KIRKWOOD,MO,1,6.651324278663882e-06
Ellisville,MO,1,6.651324278663882e-06
Westampton Township,NJ,1,6.651324278663882e-06
Lula Lula,HI,1,6.651324278663882e-06
TWN N CNTRY,FL,1,6.651324278663882e-06
Holland Southampton,PA,1,6.651324278663882e-06
Royford,PA,1,6.651324278663882e-06
Upper Darby PA,PA,1,6.651324278663882e-06
Lemay Ferry,MO,1,6.651324278663882e-06
Bywater,LA,1,6.651324278663882e-06
Spruce Grove,AB,1,6.651324278663882e-06
telford,PA,1,6.651324278663882e-06
Town & County,MO,1,6.651324278663882e-06
Dumont,CO,1,6.651324278663882e-06
Twn N Cntry,FL,1,6.651324278663882e-06
Upper Southampton Township,PA,1,6.651324278663882e-06
RENO,NV,1,6.651324278663882e-06
New Jersey,NJ,1,6.651324278663882e-06
East Norristown,PA,1,6.651324278663882e-06
Tinicum,PA,1,6.651324278663882e-06
sparks,NV,1,6.651324278663882e-06
Jefferson Parish,LA,1,6.651324278663882e-06
Pagedale,MO,1,6.651324278663882e-06
Springhill,FL,1,6.651324278663882e-06
Fairless,PA,1,6.651324278663882e-06
W.Chester,PA,1,6.651324278663882e-06
Pinecrest West Park,FL,1,6.651324278663882e-06
Plymouth Township,PA,1,6.651324278663882e-06
W Cherry Hill,NJ,1,6.651324278663882e-06
Central Tampa,FL,1,6.651324278663882e-06
lawrence,IN,1,6.651324278663882e-06
Hadden,NJ,1,6.651324278663882e-06
Almonesson,NJ,1,6.651324278663882e-06
wilmington,DE,1,6.651324278663882e-06
New Pt Richey,FL,1,6.651324278663882e-06
Port Hueneme,CA,1,6.651324278663882e-06
RENO AP,NV,1,6.651324278663882e-06
saint petersburg,FL,1,6.651324278663882e-06
Charlack,MO,1,6.651324278663882e-06
Mehville,MO,1,6.651324278663882e-06
Erdenheim Pa,PA,1,6.651324278663882e-06
Mandeville,LA,1,6.651324278663882e-06
Saintt Petersburg,FL,1,6.651324278663882e-06
Bellville,IL,1,6.651324278663882e-06
Rosewood Heights,IL,1,6.651324278663882e-06
Ashland,TN,1,6.651324278663882e-06
Valencia West,AZ,1,6.651324278663882e-06
Saint louis,MO,1,6.651324278663882e-06
Boise (Meridian),ID,1,6.651324278663882e-06
Pine HIll,NJ,1,6.651324278663882e-06
Gwynedd Valley,PA,1,6.651324278663882e-06
Ste C,FL,1,6.651324278663882e-06
Upper Gwynedd,PA,1,6.651324278663882e-06
Hartsville,PA,1,6.651324278663882e-06
metairie,LA,1,6.651324278663882e-06
West Deptford Townsh,NJ,1,6.651324278663882e-06
Inglewood,TN,1,6.651324278663882e-06
Summerhaven,AZ,1,6.651324278663882e-06
Yardley Boro,PA,1,6.651324278663882e-06
West Hill,CA,1,6.651324278663882e-06
Southwest Tampa,FL,1,6.651324278663882e-06
St. Pete,FL,1,6.651324278663882e-06
YARDLEY,PA,1,6.651324278663882e-06
Newtown Township,PA,1,6.651324278663882e-06
Santa Ynez,CA,1,6.651324278663882e-06
MERIDIAN,ID,1,6.651324278663882e-06
Casa Adobes,AZ,1,6.651324278663882e-06
WEST CHESTER,PA,1,6.651324278663882e-06
clifton heights,PA,1,6.651324278663882e-06
riverview,FL,1,6.651324278663882e-06
​Largo,FL,1,6.651324278663882e-06
Bordentown Township,NJ,1,6.651324278663882e-06
S Pasadena,FL,1,6.651324278663882e-06
Town n Country,FL,1,6.651324278663882e-06
Wyndlake Condominium,FL,1,6.651324278663882e-06
College Place,WA,1,6.651324278663882e-06
St.louis,MO,1,6.651324278663882e-06
Ridley Township,PA,1,6.651324278663882e-06
LOWER PROVIDENCE,PA,1,6.651324278663882e-06
land o lakes,FL,1,6.651324278663882e-06
French Quarter,LA,1,6.651324278663882e-06
East Tampa,FL,1,6.651324278663882e-06
Eagle,UT,1,6.651324278663882e-06
Mount Juliet,TX,1,6.651324278663882e-06
Sparks,CA,1,6.651324278663882e-06
NORRISTOWN,PA,1,6.651324278663882e-06
Kings Beach,CA,1,6.651324278663882e-06
Covington,LA,1,6.651324278663882e-06
Pennsaulen,NJ,1,6.651324278663882e-06
Woodson Terrace,MO,1,6.651324278663882e-06
Mission Canyon,CA,1,6.651324278663882e-06
West Alton,MO,1,6.651324278663882e-06
"Nashville,",TN,1,6.651324278663882e-06
"Mt Laurel Twp, NJ",NJ,1,6.651324278663882e-06
"Saint Petersburg,",FL,1,6.651324278663882e-06
Philadelphila,PA,1,6.651324278663882e-06
Houston,TX,1,6.651324278663882e-06
NEW PRT RCHY,FL,1,6.651324278663882e-06
Tren,NJ,1,6.651324278663882e-06
West Mount Holly,NJ,1,6.651324278663882e-06
CREVE COEUR,MO,1,6.651324278663882e-06
Horseshoe Bend,ID,1,6.651324278663882e-06
New Berlinville,PA,1,6.651324278663882e-06
CLEARWATER BEACH,FL,1,6.651324278663882e-06
Hilltop,NJ,1,6.651324278663882e-06
Tampa - North,FL,1,6.651324278663882e-06
Smyrna,DE,1,6.651324278663882e-06
"Beech Grove,",IN,1,6.651324278663882e-06
erdenheim,PA,1,6.651324278663882e-06
Thonosassa,FL,1,6.651324278663882e-06
Elk Township,NJ,1,6.651324278663882e-06
franklin,TN,1,6.651324278663882e-06
Devon-Berwyn,PA,1,6.651324278663882e-06
AMBLER,PA,1,6.651324278663882e-06
Indian Rocks Beach.,FL,1,6.651324278663882e-06
Bethel,PA,1,6.651324278663882e-06
Eaux Claires,AB,1,6.651324278663882e-06
Los Angeles,CA,1,6.651324278663882e-06
Glenoldan,PA,1,6.651324278663882e-06
Lawrence Township,IN,1,6.651324278663882e-06
"Clearwater,",FL,1,6.651324278663882e-06
Reno Nevada,NV,1,6.651324278663882e-06
Concord Township,PA,1,6.651324278663882e-06
Blvd,MO,1,6.651324278663882e-06
maple shade nj,NJ,1,6.651324278663882e-06
Had Twp,NJ,1,6.651324278663882e-06
Westmont - Haddon Towsship,NJ,1,6.651324278663882e-06
Westfield,IN,1,6.651324278663882e-06
Rushland,PA,1,6.651324278663882e-06
Denver,CO,1,6.651324278663882e-06
Crosswicks,NJ,1,6.651324278663882e-06
Spring Hill,TN,1,6.651324278663882e-06
CLEARWATER,FL,1,6.651324278663882e-06
St Petersberg,FL,1,6.651324278663882e-06
Zephryhills,FL,1,6.651324278663882e-06
VC Highlands,NV,1,6.651324278663882e-06
largo,FL,1,6.651324278663882e-06
indianopolis,IN,1,6.651324278663882e-06
"Palm Harbor, FL",FL,1,6.651324278663882e-06
NEWARK,DE,1,6.651324278663882e-06
Echelon,NJ,1,6.651324278663882e-06
South Roxana,IL,1,6.651324278663882e-06
Oakford,PA,1,6.651324278663882e-06
ST LOUIS,MO,1,6.651324278663882e-06
Tampa,CA,1,6.651324278663882e-06
Pilgrim Gardens,PA,1,6.651324278663882e-06
Trolley Square,DE,1,6.651324278663882e-06
Kalispell,MT,1,6.651324278663882e-06
North Marlton,NJ,1,6.651324278663882e-06
Tarpon springs,FL,1,6.651324278663882e-06
Tampa Terrace,FL,1,6.651324278663882e-06
​Clayton,MO,1,6.651324278663882e-06
Lake Saint Louis,MO,1,6.651324278663882e-06
Bethel Township,PA,1,6.651324278663882e-06
Cherry Hil,NJ,1,6.651324278663882e-06
"Eagle,",ID,1,6.651324278663882e-06
West  Deptford,NJ,1,6.651324278663882e-06
NASHVILLE AP,TN,1,6.651324278663882e-06
Washington Twp,NJ,1,6.651324278663882e-06
Woodbourne,PA,1,6.651324278663882e-06
Saint Louis,MO,1,6.651324278663882e-06
MADISON,TN,1,6.651324278663882e-06
Riveridge,LA,1,6.651324278663882e-06
Oxnard,CA,1,6.651324278663882e-06
Center City Philadelphia,PA,1,6.651324278663882e-06
North Coventry,PA,1,6.651324278663882e-06
Land-O-Lakes,FL,1,6.651324278663882e-06
Rural Hill,TN,1,6.651324278663882e-06
St louis,MO,1,6.651324278663882e-06
Warwick,PA,1,6.651324278663882e-06
​Lithia,FL,1,6.651324278663882e-06
Quinton,NJ,1,6.651324278663882e-06
Cerritos,CA,1,6.651324278663882e-06
Claerwater,FL,1,6.651324278663882e-06
Eagle,CA,1,6.651324278663882e-06
Woolwich Twp.,NJ,1,6.651324278663882e-06
"Downingtown,",PA,1,6.651324278663882e-06
Downtown,LA,1,6.651324278663882e-06
Roseville,MI,1,6.651324278663882e-06
Boone,IN,1,6.651324278663882e-06
Feastville,PA,1,6.651324278663882e-06
Chicago,IL,1,6.651324278663882e-06
Wanamaker,IN,1,6.651324278663882e-06
Mt. Holly,NJ,1,6.651324278663882e-06
Phonixville,PA,1,6.651324278663882e-06
Nixa,TN,1,6.651324278663882e-06
Freehold,NJ,1,6.651324278663882e-06
Pilot Sound Area West Portion,AB,1,6.651324278663882e-06
Gentilly,LA,1,6.651324278663882e-06
pennsauken,NJ,1,6.651324278663882e-06
Hamiltion,NJ,1,6.651324278663882e-06
Newtown square,PA,1,6.651324278663882e-06
Lutz fl,FL,1,6.651324278663882e-06
COLMAR,PA,1,6.651324278663882e-06
Nevada,NV,1,6.651324278663882e-06
Chester Township,PA,1,6.651324278663882e-06
Fortville,IN,1,6.651324278663882e-06
meridian,ID,1,6.651324278663882e-06
Gardenville,PA,1,6.651324278663882e-06
Safety  Harbor,FL,1,6.651324278663882e-06
Pleasant Township,IN,1,6.651324278663882e-06
Meridian,CA,1,6.651324278663882e-06
FOLSOM,PA,1,6.651324278663882e-06
Gulph Mills,PA,1,6.651324278663882e-06
SPRINGHILL,FL,1,6.651324278663882e-06
Danboro,PA,1,6.651324278663882e-06
ST. PETE BEACH,FL,1,6.651324278663882e-06
Mt Ephraim,NJ,1,6.651324278663882e-06
Forest Grove,PA,1,6.651324278663882e-06
King of Prussi,PA,1,6.651324278663882e-06
Drexel Hil,PA,1,6.651324278663882e-06
Hancock,IN,1,6.651324278663882e-06
Mt. Airy,PA,1,6.651324278663882e-06
Hampton,MO,1,6.651324278663882e-06
Hillsborough,FL,1,6.651324278663882e-06
Stroudsburg,PA,1,6.651324278663882e-06
Washington,PA,1,6.651324278663882e-06
Downtown Indianapolis,IN,1,6.651324278663882e-06
SEMINOLE,FL,1,6.651324278663882e-06
Santa Clara,CA,1,6.651324278663882e-06
Wayne/Radnor,PA,1,6.651324278663882e-06
Mt.Juliet,TN,1,6.651324278663882e-06
sewell,NJ,1,6.651324278663882e-06
Crystal Beach,FL,1,6.651324278663882e-06
Mississauga,LA,1,6.651324278663882e-06
Brentwood - Cool Springs,TN,1,6.651324278663882e-06
kop,PA,1,6.651324278663882e-06
Virtual,PA,1,6.651324278663882e-06
Fox Street,PA,1,6.651324278663882e-06
AVON,IN,1,6.651324278663882e-06
Upper Merion Township,PA,1,6.651324278663882e-06
Washoe,NV,1,6.651324278663882e-06
TARPON SPRINGS,FL,1,6.651324278663882e-06
Conshohoeken,PA,1,6.651324278663882e-06
Norritown,PA,1,6.651324278663882e-06
Cherry Hill,PA,1,6.651324278663882e-06
Barnhart,MO,1,6.651324278663882e-06
langhorne,PA,1,6.651324278663882e-06
River View,FL,1,6.651324278663882e-06
Santa Rita,AZ,1,6.651324278663882e-06
Peerless Park,MO,1,6.651324278663882e-06
DUNEDIN,FL,1,6.651324278663882e-06
HUdson,FL,1,6.651324278663882e-06
Bradenton Beach,FL,1,6.651324278663882e-06
E Saint Louis,IL,1,6.651324278663882e-06
San Anselmo,ID,1,6.651324278663882e-06
St Pete beach,FL,1,6.651324278663882e-06
Knoxville,TN,1,6.651324278663882e-06
N Redington Bch,FL,1,6.651324278663882e-06
Roxana,IL,1,6.651324278663882e-06
Drexel Heights,AZ,1,6.651324278663882e-06
Valencia,CA,1,6.651324278663882e-06
New Orlaens,LA,1,6.651324278663882e-06
Sturgeon Couny,AB,1,6.651324278663882e-06
E. Norristown,PA,1,6.651324278663882e-06
chicago,FL,1,6.651324278663882e-06
Crystal Springs,FL,1,6.651324278663882e-06
Whitehouse,TN,1,6.651324278663882e-06
Sparks NV,NV,1,6.651324278663882e-06
Mount Laurel,NV,1,6.651324278663882e-06
"Feasterville-Trevose, PA",PA,1,6.651324278663882e-06
West Philadelphia,PA,1,6.651324278663882e-06
Forest Hills,FL,1,6.651324278663882e-06
Shade,NJ,1,6.651324278663882e-06
Picture Rocks,AZ,1,6.651324278663882e-06
Los Ranchitos,AZ,1,6.651324278663882e-06
Deptford Twp,NJ,1,6.651324278663882e-06
Tucson,HI,1,6.651324278663882e-06
Solebury,PA,1,6.651324278663882e-06
Belleair Blufs,FL,1,6.651324278663882e-06
Real Goleta,CA,1,6.651324278663882e-06
Center Square,PA,1,6.651324278663882e-06
O' Fallon,IL,1,6.651324278663882e-06
MIDDLE CITY WEST,PA,1,6.651324278663882e-06
Bucktown,LA,1,6.651324278663882e-06
Landsdale,PA,1,6.651324278663882e-06
wimauma,FL,1,6.651324278663882e-06
Newton Square,PA,1,6.651324278663882e-06
Dunnellon,FL,1,6.651324278663882e-06
West Chester PA,PA,1,6.651324278663882e-06
"Cherry Hill,",NJ,1,6.651324278663882e-06
Chalemette,LA,1,6.651324278663882e-06
Mango,FL,1,6.651324278663882e-06
"Santa Barbara,",CA,1,6.651324278663882e-06
East Edmonton,AB,1,6.651324278663882e-06
Tylersport,PA,1,6.651324278663882e-06
Tampa - South,FL,1,6.651324278663882e-06
Evshm Twp,NJ,1,6.651324278663882e-06
McCarran,NV,1,6.651324278663882e-06
New Orleans,FL,1,6.651324278663882e-06
Delran Twp,NJ,1,6.651324278663882e-06
Algiers,LA,1,6.651324278663882e-06
Scott Afb,IL,1,6.651324278663882e-06
Edgemoor,DE,1,6.651324278663882e-06
Glenmore,PA,1,6.651324278663882e-06
Feasterville Trev,PA,1,6.651324278663882e-06
Penllyn,PA,1,6.651324278663882e-06
Spring Hill,CA,1,6.651324278663882e-06
Aliso Viejo,CA,1,6.651324278663882e-06
Largo (Walsingham),FL,1,6.651324278663882e-06
Sarasota,FL,1,6.651324278663882e-06
Glen Mills,DE,1,6.651324278663882e-06
frazer,PA,1,6.651324278663882e-06
Bridgeton,NJ,1,6.651324278663882e-06
Delray Beach,IN,1,6.651324278663882e-06
North Maple Shade,NJ,1,6.651324278663882e-06
Land o Lakes,FL,1,6.651324278663882e-06
Tampa,SD,1,6.651324278663882e-06
Boulevard,FL,1,6.651324278663882e-06
Monrovia,IN,1,6.651324278663882e-06
Green Hills,TN,1,6.651324278663882e-06
Carney's Point,NJ,1,6.651324278663882e-06
Cynwyd,PA,1,6.651324278663882e-06
Honey Brook,PA,1,6.651324278663882e-06
Greater Carrollwood,FL,1,6.651324278663882e-06
LITHIA,FL,1,6.651324278663882e-06
POTTSTOWN,PA,1,6.651324278663882e-06
Edgemont,PA,1,6.651324278663882e-06
LOWER MERION,PA,1,6.651324278663882e-06
BRANDON,FL,1,6.651324278663882e-06
SAINT LOUIS AP,MO,1,6.651324278663882e-06
TRENTON,NJ,1,6.651324278663882e-06
University Park,FL,1,6.651324278663882e-06
quakertown,PA,1,6.651324278663882e-06
Springfield,NJ,1,6.651324278663882e-06
ClearWater,FL,1,6.651324278663882e-06
saint ann,MO,1,6.651324278663882e-06
elmwood,LA,1,6.651324278663882e-06
Afton,MO,1,6.651324278663882e-06
South Harrison Township,NJ,1,6.651324278663882e-06
Arden,DE,1,6.651324278663882e-06
horsham,PA,1,6.651324278663882e-06
West Bradford Township,PA,1,6.651324278663882e-06
SANTA BARBARA AP,CA,1,6.651324278663882e-06
Austin,TX,1,6.651324278663882e-06
Reno City,NV,1,6.651324278663882e-06
MEDIA,PA,1,6.651324278663882e-06
Folsom,NJ,1,6.651324278663882e-06
St.Pete Beach,FL,1,6.651324278663882e-06
Tampla,FL,1,6.651324278663882e-06
GARDEN CITY,ID,1,6.651324278663882e-06
Nolenville,TN,1,6.651324278663882e-06
Kimmiswick,MO,1,6.651324278663882e-06
Old Strathcona,AB,1,6.651324278663882e-06
Nashville,TX,1,6.651324278663882e-06
South Lake Tahoe,CA,1,6.651324278663882e-06
Cornwells Hts,PA,1,6.651324278663882e-06
Buckingham Township,PA,1,6.651324278663882e-06
Fieldsboro,NJ,1,6.651324278663882e-06
ARDMORE,PA,1,6.651324278663882e-06
Festerville,PA,1,6.651324278663882e-06
Liverpool,XMS,1,6.651324278663882e-06
Pedricktown,NJ,1,6.651324278663882e-06
DONELSON,TN,1,6.651324278663882e-06
Goodletsville,TN,1,6.651324278663882e-06
Redingtn Shores,FL,1,6.651324278663882e-06
Falls,PA,1,6.651324278663882e-06
Santa Barbara & Ventura Counties,CA,1,6.651324278663882e-06
"Havertown, PA",PA,1,6.651324278663882e-06
BOISE AP,ID,1,6.651324278663882e-06
Southhampton,PA,1,6.651324278663882e-06
Delaware,PA,1,6.651324278663882e-06
Zionsville In,IN,1,6.651324278663882e-06
North Coventry Township,PA,1,6.651324278663882e-06
Sherwood,AB,1,6.651324278663882e-06
"Land o' Lakes,",FL,1,6.651324278663882e-06
French Quarter - CBD,LA,1,6.651324278663882e-06
Centreville,DE,1,6.651324278663882e-06
Pine Forge,PA,1,6.651324278663882e-06
Newportville,PA,1,6.651324278663882e-06
NORTH WALES,PA,1,6.651324278663882e-06
Philiidelphia,PA,1,6.651324278663882e-06
SAINT PETERSBURG,FL,1,6.651324278663882e-06
New Britian,PA,1,6.651324278663882e-06
Huntington Valley,PA,1,6.651324278663882e-06
"Indianapolis,",IN,1,6.651324278663882e-06
Newcastle,DE,1,6.651324278663882e-06
Hi Nella,NJ,1,6.651324278663882e-06
Stone Harbor,NJ,1,6.651324278663882e-06
Nsshville,TN,1,6.651324278663882e-06
East Falls,PA,1,6.651324278663882e-06
Lakewood,TN,1,6.651324278663882e-06
Haddon township,NJ,1,6.651324278663882e-06
SANTA BARBARA,CA,1,6.651324278663882e-06
Bensalem. Pa,PA,1,6.651324278663882e-06
Riverview Fl,FL,1,6.651324278663882e-06
Elfers,FL,1,6.651324278663882e-06
NEW ORLEANS AP,LA,1,6.651324278663882e-06
Media,DE,1,6.651324278663882e-06
South Burlington,NJ,1,6.651324278663882e-06
"Haverford,",PA,1,6.651324278663882e-06
Newtown Sqaure,PA,1,6.651324278663882e-06
Alberta Park Industrial,AB,1,6.651324278663882e-06
Bellefontaine,MO,1,6.651324278663882e-06
Westhampton,NJ,1,6.651324278663882e-06
nashville,TN,1,6.651324278663882e-06
Bellefontaine Neighbors,MO,1,6.651324278663882e-06
Upper Pottsgrove,PA,1,6.651324278663882e-06
Indianapolis city (balance),IN,1,6.651324278663882e-06
W. Berlin,NJ,1,6.651324278663882e-06
South Reno,NV,1,6.651324278663882e-06
Fairland,IN,1,6.651324278663882e-06
Berlin Boro,NJ,1,6.651324278663882e-06
Winterthur,DE,1,6.651324278663882e-06
gilbertsville,PA,1,6.651324278663882e-06
"Maryland Height, MO",MO,1,6.651324278663882e-06
Dellwood,MO,1,6.651324278663882e-06
"Safety Harbor,",FL,1,6.651324278663882e-06
Oro valley,AZ,1,6.651324278663882e-06
wesley chapel,FL,1,6.651324278663882e-06
St Louis,IL,1,6.651324278663882e-06
"Old Hickory, TN",TN,1,6.651324278663882e-06
Ewing Twp,NJ,1,6.651324278663882e-06
Wesley Ccapel,FL,1,6.651324278663882e-06
AB Edmonton,AB,1,6.651324278663882e-06
CHESTER HEIGHTS,PA,1,6.651324278663882e-06
Indiana,IN,1,6.651324278663882e-06
St Petersurg,FL,1,6.651324278663882e-06
BOISE,ID,1,6.651324278663882e-06
Gloucester,NJ,1,6.651324278663882e-06
Wilimington,DE,1,6.651324278663882e-06
Green Valle,AZ,1,6.651324278663882e-06
Twin oaks,MO,1,6.651324278663882e-06
Boutte,LA,1,6.651324278663882e-06
Mt  Juliet,TN,1,6.651324278663882e-06
Madiera Beach,FL,1,6.651324278663882e-06
Washington,NJ,1,6.651324278663882e-06
Lincoln,IL,1,6.651324278663882e-06
Plainfiled,IN,1,6.651324278663882e-06
CLIFTON HEIGHTS,PA,1,6.651324278663882e-06
DELRAN,NJ,1,6.651324278663882e-06
St. Petersberg,FL,1,6.651324278663882e-06
PINELLAS PARK,FL,1,6.651324278663882e-06
LANGHORNE,PA,1,6.651324278663882e-06
St.Charles,MO,1,6.651324278663882e-06
DOWNINGTOWN,PA,1,6.651324278663882e-06
TRINITY,FL,1,6.651324278663882e-06
Philly,PA,1,6.651324278663882e-06
South Madison,TN,1,6.651324278663882e-06
Cherry Hill Mall,NJ,1,6.651324278663882e-06
Tierre Verde,FL,1,6.651324278663882e-06
Maran,AZ,1,6.651324278663882e-06
Stanton,DE,1,6.651324278663882e-06
Fort Saskatchewan,AB,1,6.651324278663882e-06
Philadelphia (Northeast Philly),PA,1,6.651324278663882e-06
MARLTON,NJ,1,6.651324278663882e-06
Landsale,PA,1,6.651324278663882e-06
St. Louis,IL,1,6.651324278663882e-06
Foster Pond,IL,1,6.651324278663882e-06
Newtown Sq.,PA,1,6.651324278663882e-06
Costa Mesa,CA,1,6.651324278663882e-06
Frederick,PA,1,6.651324278663882e-06
UPPR BLCK EDY,PA,1,6.651324278663882e-06
Lynnfield,MA,1,6.651324278663882e-06
CONSHOHOCKEN,PA,1,6.651324278663882e-06
Wycombe,PA,1,6.651324278663882e-06
Santa  Barbara,CA,1,6.651324278663882e-06
Wilmington,PA,1,6.651324278663882e-06
Swedeland,PA,1,6.651324278663882e-06
Tennesse,TN,1,6.651324278663882e-06
West Collingswood Heights,NJ,1,6.651324278663882e-06
"Tampa,Fl",FL,1,6.651324278663882e-06
Barto,PA,1,6.651324278663882e-06
Boston,MA,1,6.651324278663882e-06
N.Wales,PA,1,6.651324278663882e-06
Creamery,PA,1,6.651324278663882e-06
"Sparks,",NV,1,6.651324278663882e-06
Merion,PA,1,6.651324278663882e-06
St Boise,ID,1,6.651324278663882e-06
Sullivan,MO,1,6.651324278663882e-06
Glendale,NJ,1,6.651324278663882e-06
goodlettsville,TN,1,6.651324278663882e-06
Bel Ridge,MO,1,6.651324278663882e-06
West Rockhill,PA,1,6.651324278663882e-06
Haverton,PA,1,6.651324278663882e-06
London Grove,PA,1,6.651324278663882e-06
Salinas,CA,1,6.651324278663882e-06
Dover,DE,1,6.651324278663882e-06
INpolis,IN,1,6.651324278663882e-06
Clarksville,TN,1,6.651324278663882e-06
Rutledge,PA,1,6.651324278663882e-06
Delran Township,NJ,1,6.651324278663882e-06
Hatboro,NJ,1,6.651324278663882e-06
Concord Village,MO,1,6.651324278663882e-06
spring city,PA,1,6.651324278663882e-06
Land O'lakes,FL,1,6.651324278663882e-06
TUCSON AP,AZ,1,6.651324278663882e-06
"Tampa,",FL,1,6.651324278663882e-06
spring hill,FL,1,6.651324278663882e-06
Johnson,IN,1,6.651324278663882e-06
St. Leo,FL,1,6.651324278663882e-06
Hurffville,NJ,1,6.651324278663882e-06
Kirklyn,PA,1,6.651324278663882e-06
Overbrook,PA,1,6.651324278663882e-06
New Tampa,FL,1,6.651324278663882e-06
Edmonton City Centre,AB,1,6.651324278663882e-06
Macdill Afb,FL,1,6.651324278663882e-06
Charles,MO,1,6.651324278663882e-06
Tortola,VI,1,6.651324278663882e-06
Kng Of Prusia,PA,1,6.651324278663882e-06
Newtown Sq,PA,1,6.651324278663882e-06
Redington Shore,FL,1,6.651324278663882e-06
Clearwater/ Countryside,FL,1,6.651324278663882e-06
East Boise,ID,1,6.651324278663882e-06
South Cherry Hill,NJ,1,6.651324278663882e-06
nolensville,TN,1,6.651324278663882e-06
Williamsport,PA,1,6.651324278663882e-06
Caln,PA,1,6.651324278663882e-06
Fallsington,PA,1,6.651324278663882e-06
Apopka,FL,1,6.651324278663882e-06
TEMPLE TERR,FL,1,6.651324278663882e-06
TAMPA AP,FL,1,6.651324278663882e-06
RADNOR,PA,1,6.651324278663882e-06
Safety Hatbor,FL,1,6.651324278663882e-06
MANCHESTER,MO,1,6.651324278663882e-06
St. Louis County,MO,1,6.651324278663882e-06
West Nashville,TN,1,6.651324278663882e-06
Santa Maria,CA,1,6.651324278663882e-06
kenner,LA,1,6.651324278663882e-06
Hollywood,PA,1,6.651324278663882e-06
Hernando Bch,FL,1,6.651324278663882e-06
WILLOW GROVE,PA,1,6.651324278663882e-06
Chattanooga,TN,1,6.651324278663882e-06
Rancocas,NJ,1,6.651324278663882e-06
Bennington,VT,1,6.651324278663882e-06
Middletown,PA,1,6.651324278663882e-06
Philiadelphia,PA,1,6.651324278663882e-06
Spark,NV,1,6.651324278663882e-06
Town 'N' Country,FL,1,6.651324278663882e-06
Newton,PA,1,6.651324278663882e-06
S.Pasadena,FL,1,6.651324278663882e-06
Downtown,AB,1,6.651324278663882e-06
CHELTENHAM,PA,1,6.651324278663882e-06
Claymont,PA,1,6.651324278663882e-06
Lower Southampton,PA,1,6.651324278663882e-06
Monchanin,DE,1,6.651324278663882e-06
Wesley Chapel  FL,FL,1,6.651324278663882e-06
Maryland Height,MO,1,6.651324278663882e-06
MacDill AFB,FL,1,6.651324278663882e-06
PLYMOUTH MTNG,PA,1,6.651324278663882e-06
Monroe,NJ,1,6.651324278663882e-06
HENDERSONVILLE,TN,1,6.651324278663882e-06
Reno Sparks,NV,1,6.651324278663882e-06
St.  Charles,MO,1,6.651324278663882e-06
Charlotte,PA,1,6.651324278663882e-06
Key Largo,FL,1,6.651324278663882e-06
Woodbury Hts.,NJ,1,6.651324278663882e-06
"Mount Holly,",NJ,1,6.651324278663882e-06
Slidell,LA,1,6.651324278663882e-06
Wales,PA,1,6.651324278663882e-06
UPPER MORELAND,PA,1,6.651324278663882e-06
Aston,DE,1,6.651324278663882e-06
Apollo beach,FL,1,6.651324278663882e-06
